BEGIN;
\set ON_ERROR_ROLLBACK on
\set ON_ERROR_STOP on

insert into public.users (id, created_at, updated_at, is_active, email, password, full_name, phone, avatar, status)
values  ('e6b1cce9-8197-4e3c-8d3a-a1d0f37e9326', '2025-02-22 11:38:28.634565 +00:00', '2025-02-22 11:38:28.634565 +00:00', true, 'customer1', '1', 'customer1', '123456', 'https://encrypted-tbn0.gstatic.com/images?q=tbn:ANd9GcTaotZTcu1CLMGOJMDl-f_LYBECs7tqwhgpXA&s', null),
        ('8a95cb21-f20a-42f2-99f3-9b9c240ba64b', '2025-02-22 11:40:02.506367 +00:00', '2025-02-22 11:40:02.506367 +00:00', true, 'root@gmail.com', 'string', 'string', '0123456789', 'https://encrypted-tbn0.gstatic.com/images?q=tbn:ANd9GcTaotZTcu1CLMGOJMDl-f_LYBECs7tqwhgpXA&s', ''),
        ('8c8e619c-22b5-43bc-9d42-8100f43485db', '2025-02-23 08:02:35.704952 +00:00', '2025-02-23 08:02:35.704952 +00:00', true, 'admin@gmail.com', '1', 'admin', '0123456789', 'https://encrypted-tbn0.gstatic.com/images?q=tbn:ANd9GcTaotZTcu1CLMGOJMDl-f_LYBECs7tqwhgpXA&s', null),
        ('ba8df071-345d-43e4-ae1a-beb176a63460', '2025-02-23 09:20:27.128156 +00:00', '2025-02-23 09:20:27.128156 +00:00', true, 'roosssst@gmail.com', 'string', 'string', '0123456789', 'https://encrypted-tbn0.gstatic.com/images?q=tbn:ANd9GcTaotZTcu1CLMGOJMDl-f_LYBECs7tqwhgpXA&s', null),
        ('27f2f302-661c-4723-a122-66fb01363963', '2025-02-24 07:42:16.515145 +00:00', '2025-02-24 07:42:16.515145 +00:00', true, 'customer@gmail.com', '1', 'string', '0123456789', 'https://encrypted-tbn0.gstatic.com/images?q=tbn:ANd9GcTaotZTcu1CLMGOJMDl-f_LYBECs7tqwhgpXA&s', ''),
        ('9f92a5ba-8607-4034-9d60-3e8683853c99', '2025-02-26 04:00:15.607950 +00:00', '2025-02-26 04:00:15.607950 +00:00', true, 'guest@gmail.com', 'guest123', 'Guest One', '0123456789', 'https://encrypted-tbn0.gstatic.com/images?q=tbn:ANd9GcTaotZTcu1CLMGOJMDl-f_LYBECs7tqwhgpXA&s', ''),
        ('e97a9522-e30a-4a43-977a-a958997908ce', '2025-02-26 04:00:42.569096 +00:00', '2025-02-26 04:00:42.569096 +00:00', true, 'gues1t@gmail.com', 'guest123', 'Guest One', '0123456789', 'https://encrypted-tbn0.gstatic.com/images?q=tbn:ANd9GcTaotZTcu1CLMGOJMDl-f_LYBECs7tqwhgpXA&s', ''),
        ('fbc5f65c-2808-47ed-99a7-f63d56253252', '2025-02-28 11:17:55.382988 +00:00', '2025-02-28 11:17:55.382988 +00:00', true, 'consul@gmail.com', '1', 'consul', '0123456789', 'https://encrypted-tbn0.gstatic.com/images?q=tbn:ANd9GcTaotZTcu1CLMGOJMDl-f_LYBECs7tqwhgpXA&s', null),
        ('b4f39bdc-f8af-4f76-9e8f-456957a362b3', '2025-02-28 11:50:02.689238 +00:00', '2025-02-28 11:50:02.689238 +00:00', true, 'staff@gmail.com', '1', 'staff1', '123', 'https://encrypted-tbn0.gstatic.com/images?q=tbn:ANd9GcTaotZTcu1CLMGOJMDl-f_LYBECs7tqwhgpXA&s', null),
        ('9e09ac0d-5188-4504-b1d8-a2dc0ec397e4', '2025-03-03 02:13:35.296685 +00:00', '2025-03-03 02:13:35.296685 +00:00', true, 'tuvan1@gmail.com', '1', 'Ngow ', '0826300802', 'https://encrypted-tbn0.gstatic.com/images?q=tbn:ANd9GcTaotZTcu1CLMGOJMDl-f_LYBECs7tqwhgpXA&s', null),
        ('3bb5d79f-ccb3-47f7-a64d-a0c77e7d11a4', '2025-03-03 03:08:34.910618 +00:00', '2025-03-03 03:08:34.910618 +00:00', true, 'bill@gmail.com', '123456789', 'Viet', '0911413402', 'https://encrypted-tbn0.gstatic.com/images?q=tbn:ANd9GcTaotZTcu1CLMGOJMDl-f_LYBECs7tqwhgpXA&s', null),
        ('c90a02e4-d341-4aaf-a598-6a5fe27412c1', '2025-03-03 11:12:44.236705 +00:00', '2025-03-03 11:20:31.534790 +00:00', true, 'admin@mail.com', '1', 'Viet', '1', 'https://encrypted-tbn0.gstatic.com/images?q=tbn:ANd9GcTaotZTcu1CLMGOJMDl-f_LYBECs7tqwhgpXA&s', null),
        ('d2b6d711-09ea-4b67-82d6-85d3d7846909', '2025-03-04 02:08:40.093870 +00:00', '2025-03-04 02:08:40.093870 +00:00', true, 'quanli1@mail.com', '1', 'Quản lí 1', '0911413402', 'https://encrypted-tbn0.gstatic.com/images?q=tbn:ANd9GcTaotZTcu1CLMGOJMDl-f_LYBECs7tqwhgpXA&s', null),
        ('4043582c-3993-486a-85d6-bceb2d8b0b11', '2025-03-04 02:09:04.079125 +00:00', '2025-03-04 02:09:04.079125 +00:00', true, 'thietke1@mail.com', '1', 'Thiết kế 1', '0911413402', 'https://encrypted-tbn0.gstatic.com/images?q=tbn:ANd9GcTaotZTcu1CLMGOJMDl-f_LYBECs7tqwhgpXA&s', null),
        ('2fae0191-0a54-4fbf-a9b7-313d46e16943', '2025-03-04 02:10:16.859829 +00:00', '2025-03-04 02:10:16.859829 +00:00', true, 'thietke2@mail.com', '1', 'Viet', '0911413402', 'https://encrypted-tbn0.gstatic.com/images?q=tbn:ANd9GcTaotZTcu1CLMGOJMDl-f_LYBECs7tqwhgpXA&s', null),
        ('d473de5a-31b7-488b-91ad-48a38a58484d', '2025-03-06 16:39:12.504653 +00:00', '2025-03-06 16:39:12.504653 +00:00', true, 'manager@gmail.com', '1', 'manager1', '0123456789', 'https://encrypted-tbn0.gstatic.com/images?q=tbn:ANd9GcTaotZTcu1CLMGOJMDl-f_LYBECs7tqwhgpXA&s', null);

        insert into public.customer (id, created_at, updated_at, is_active, point, address, dob, gender, user_id)
values  ('177e2e47-cbc5-40c6-bb15-a07624a662d8', '2025-02-22 11:40:02.506367 +00:00', '2025-02-22 11:40:02.506367 +00:00', true, 0, 'Hanoi', '2022-01-01', 'MALE', '8a95cb21-f20a-42f2-99f3-9b9c240ba64b'),
        ('6c26c8fa-7a97-4b2a-b5f7-83e1cf0ca807', '2025-02-24 07:42:16.515145 +00:00', '2025-02-24 07:42:16.515145 +00:00', true, 0, 'Hanoi', '2022-01-01', 'MALE', '27f2f302-661c-4723-a122-66fb01363963'),
        ('3f82e35e-ecde-405b-905e-efd8b15a4386', '2025-02-26 04:00:15.607950 +00:00', '2025-02-26 04:00:15.607950 +00:00', true, 0, 'HCM', '2021-01-01', 'MALE', '9f92a5ba-8607-4034-9d60-3e8683853c99'),
        ('5cdf6b11-dcac-4a0e-9062-3b8d92893a37', '2025-02-26 04:00:42.569096 +00:00', '2025-02-26 04:00:42.569096 +00:00', true, 0, 'HCM', '2021-01-01', 'MALE', 'e97a9522-e30a-4a43-977a-a958997908ce');

        insert into public.staff (id, created_at, updated_at, is_active, position, user_id)
values  ('d20197b3-f428-4b47-baaf-e641d3aca8f1', '2025-02-23 08:03:05.940115 +00:00', '2025-02-23 08:03:05.940115 +00:00', true, 'ADMINISTRATOR', '8c8e619c-22b5-43bc-9d42-8100f43485db'),
        ('349fb7f8-533d-4093-9855-04c048d09c08', '2025-02-23 09:20:27.128156 +00:00', '2025-02-23 09:20:27.128156 +00:00', true, 'MANAGER', 'ba8df071-345d-43e4-ae1a-beb176a63460'),
        ('4eff8d9c-99b1-470f-9ad4-776af420f152', '2025-02-28 11:17:55.382988 +00:00', '2025-02-28 11:17:55.382988 +00:00', true, 'CONSULTANT', 'fbc5f65c-2808-47ed-99a7-f63d56253252'),
        ('042835eb-2409-407c-b5f5-bc457839100a', '2025-02-28 11:50:02.689238 +00:00', '2025-02-28 11:50:02.689238 +00:00', true, 'CONSTRUCTOR', 'b4f39bdc-f8af-4f76-9e8f-456957a362b3'),
        ('632a6151-cdde-4e21-b35d-d7892ea67f6e', '2025-03-03 02:13:35.296685 +00:00', '2025-03-03 02:13:35.296685 +00:00', true, 'CONSULTANT', '9e09ac0d-5188-4504-b1d8-a2dc0ec397e4'),
        ('524d0aa1-3d0c-4791-b3f4-93499b6c08e4', '2025-03-03 03:08:34.910618 +00:00', '2025-03-03 03:08:34.910618 +00:00', true, 'CONSULTANT', '3bb5d79f-ccb3-47f7-a64d-a0c77e7d11a4'),
        ('ecebfd03-8d91-4420-9352-e1fdc91f4de3', '2025-03-03 11:12:44.236705 +00:00', '2025-03-03 11:12:44.236705 +00:00', true, 'DESIGNER', 'c90a02e4-d341-4aaf-a598-6a5fe27412c1'),
        ('44dda75a-5731-4137-acb1-d480e446187f', '2025-03-04 02:08:40.093870 +00:00', '2025-03-04 02:08:40.093870 +00:00', true, 'MANAGER', 'd2b6d711-09ea-4b67-82d6-85d3d7846909'),
        ('be0c14ca-f422-4336-8361-74c94653a786', '2025-03-04 02:09:04.079125 +00:00', '2025-03-04 02:09:04.079125 +00:00', true, 'MANAGER', '4043582c-3993-486a-85d6-bceb2d8b0b11'),
        ('6931f272-f094-44ca-9fd4-6797f5d9a30a', '2025-03-04 02:10:16.859829 +00:00', '2025-03-04 02:10:16.859829 +00:00', true, 'DESIGNER', '2fae0191-0a54-4fbf-a9b7-313d46e16943'),
        ('1d7608a1-deff-48de-8a3d-46e16909b804', '2025-03-06 16:39:12.504653 +00:00', '2025-03-06 16:39:12.504653 +00:00', true, 'MANAGER', 'd473de5a-31b7-488b-91ad-48a38a58484d');

        insert into public.service (id, created_at, updated_at, is_active, name, description, type, unit, price, status)
values  ('1ed99461-468a-4c42-aa44-9282e935cee4', '2025-02-24 07:43:57.185653 +00:00', '2025-02-24 07:43:57.185653 +00:00', true, 'dịch vụ 1 ', 'ahihihi', 'Unit', '2', 10000, null),
        ('d2f768e6-a3ec-4218-a29c-7b45eaeeeeb8', '2025-02-24 10:27:09.617142 +00:00', '2025-02-24 11:42:10.562092 +00:00', true, 'dịch vụ 2', 'ahihihi123', 'm3', 'm3', 100009, null);

        insert into public.equipment (id, created_at, updated_at, is_active, name, description)
values  ('dca8a51d-01f2-4bc6-9eba-b710d62f9162', '2025-02-24 06:09:14.847876 +00:00', '2025-02-24 06:09:14.847876 +00:00', true, 'máy hút đáy', 'ahihi 2'),
        ('7dfb755f-62c5-40f0-b0eb-2e4ff00af11a', '2025-02-24 06:09:29.467617 +00:00', '2025-02-24 06:09:29.467617 +00:00', true, 'máy thổi luồng', 'ahihi 3'),
        ('9c8fc488-c36e-4283-a169-66d928d1f6ed', '2025-02-24 06:08:41.874662 +00:00', '2025-02-24 06:10:46.462040 +00:00', true, 'máy bơm', 'ahihi'),
        ('ec867273-02c7-4417-9cde-238d55a33eff', '2025-02-24 06:09:03.118293 +00:00', '2025-02-24 06:20:25.192935 +00:00', true, 'máy hút mặt', 'ahihi 1');

        insert into public.package_item (id, created_at, updated_at, is_active, name)
values  ('1d31fcfc-df50-4433-989e-5e368bb05c3b', '2025-02-23 07:29:18.264121 +00:00', '2025-02-23 07:29:18.264121 +00:00', true, 'Hệ thống lọc'),
        ('bd48a079-c277-4094-810f-48c4415a3092', '2025-02-24 04:36:18.986220 +00:00', '2025-02-24 04:36:18.986220 +00:00', true, 'đào đất'),
        ('ccc8fa55-e635-4039-91c7-09dd51ec65f1', '2025-02-24 04:36:41.402277 +00:00', '2025-02-24 04:36:41.402277 +00:00', true, 'cuộn thép ');

        insert into public.construction_template (id, created_at, updated_at, is_active, name, description, status)
values  ('e3523820-5596-48d0-ab06-ee74ac26ce13', '2025-02-24 08:43:18.792468 +00:00', '2025-02-24 08:43:18.792468 +00:00', true, 'Template Thi Công Hồ Koi Chuẩn', 'Template Thi Công Hồ Koi Chuẩn', null),
        ('e97146bb-bd95-4478-8cdb-25273e6453fb', '2025-02-24 10:44:19.087083 +00:00', '2025-02-24 10:44:19.087083 +00:00', true, 'sdas', 'sadsad', null),
        ('f3159543-86f9-4099-aee1-ac8a04e8e015', '2025-02-24 10:44:49.725798 +00:00', '2025-02-24 10:44:49.725798 +00:00', true, 's', '2132', null),
        ('c05e738c-d49c-4c23-bfe0-729fb806ff72', '2025-02-24 10:44:57.806168 +00:00', '2025-02-24 10:44:57.806168 +00:00', true, 's23123', '2132', null),
        ('7d81b975-d3d0-43ee-8c16-d7ec96089817', '2025-02-24 10:45:36.430685 +00:00', '2025-02-24 10:45:36.430685 +00:00', true, 'sdad', 'sadas', null),
        ('f942862d-388a-4d6b-bd79-f3a3075440bc', '2025-02-24 15:47:27.482218 +00:00', '2025-02-24 15:47:27.482218 +00:00', true, 'abcde', 'a', null),
        ('15f882f9-af13-449e-84b8-2da272d2e005', '2025-02-26 06:30:31.907929 +00:00', '2025-02-26 06:30:31.907929 +00:00', true, 'Template Construction 1', 'Description 1', null),
        ('222ea727-e39b-4210-aafa-a6b79e836496', '2025-03-06 10:32:11.541466 +00:00', '2025-03-06 10:32:11.541466 +00:00', true, '123134', '12341', null);

insert into public.construction_template_item (id, created_at, updated_at, is_active, name, description, idparent, idtemplate, esttime, status)
values  ('6d664fdd-20b5-473a-bb3c-b8395884452b', '2025-02-24 08:44:09.438677 +00:00', '2025-02-24 08:44:09.438677 +00:00', true, 'Đào đất', 'Đào đất', null, 'e3523820-5596-48d0-ab06-ee74ac26ce13', 0, null),
        ('e3f13acd-eb9a-4d5d-83fa-b8b2d883d2f5', '2025-02-24 11:42:41.280238 +00:00', '2025-02-24 11:42:41.280238 +00:00', true, 'asd', 'asdas', null, 'e3523820-5596-48d0-ab06-ee74ac26ce13', 0, null),
        ('6e64443e-befc-4d90-a917-e01981987008', '2025-02-24 12:00:39.853500 +00:00', '2025-02-24 12:00:39.853500 +00:00', true, 'Đen', '121', null, 'e3523820-5596-48d0-ab06-ee74ac26ce13', 0, null),
        ('7b2c1c48-776f-49a0-86c5-25e9ec628f17', '2025-02-24 12:02:23.665096 +00:00', '2025-02-24 12:02:23.665096 +00:00', true, 'Flutter & Dart Basics', 's', null, 'e3523820-5596-48d0-ab06-ee74ac26ce13', 0, null),
        ('d33f7a6c-f8fb-43b7-8059-cb0035bf0fa8', '2025-02-24 12:03:10.933885 +00:00', '2025-02-24 12:03:10.933885 +00:00', true, 'asdasd', 'asdasd', '7b2c1c48-776f-49a0-86c5-25e9ec628f17', 'e3523820-5596-48d0-ab06-ee74ac26ce13', 0, null),
        ('f2f369e7-ebd6-4610-aea2-365965f54702', '2025-02-24 12:04:05.338252 +00:00', '2025-02-24 12:04:05.338252 +00:00', true, 'sdasd', 'asdads', '6d664fdd-20b5-473a-bb3c-b8395884452b', 'e3523820-5596-48d0-ab06-ee74ac26ce13', 0, null),
        ('216c4f8b-5fda-4902-8bde-44239e6e5a9d', '2025-02-24 14:26:44.853169 +00:00', '2025-02-24 14:26:44.853169 +00:00', true, '123', '123', null, 'e97146bb-bd95-4478-8cdb-25273e6453fb', 0, null),
        ('890fb64d-0a2f-492b-9a59-100044704e3d', '2025-02-24 14:26:55.557473 +00:00', '2025-02-24 14:26:55.557473 +00:00', true, 'abc', '123', '216c4f8b-5fda-4902-8bde-44239e6e5a9d', 'e97146bb-bd95-4478-8cdb-25273e6453fb', 0, null),
        ('d48a4c3e-ab9d-428c-9cb9-bfa6f9f5907f', '2025-02-24 14:27:05.799689 +00:00', '2025-02-24 14:27:05.799689 +00:00', true, '1234', '123', null, 'e97146bb-bd95-4478-8cdb-25273e6453fb', 0, null),
        ('79659755-2f13-4c29-b3bb-024a86a3f7f0', '2025-02-24 15:23:46.544170 +00:00', '2025-02-24 15:23:46.544170 +00:00', true, '12345', 'a', 'd48a4c3e-ab9d-428c-9cb9-bfa6f9f5907f', 'e97146bb-bd95-4478-8cdb-25273e6453fb', 0, null),
        ('8c7a6434-e35d-4ed3-8b0a-082729bb061e', '2025-02-24 16:31:00.356894 +00:00', '2025-02-24 16:31:00.356894 +00:00', true, '12345a', 'a', null, 'e3523820-5596-48d0-ab06-ee74ac26ce13', 0, null),
        ('6d40e907-e4fb-4dc3-bc85-59e22b0846b8', '2025-02-24 16:41:14.351425 +00:00', '2025-02-24 16:41:14.351425 +00:00', true, 'asdadasdasda', '1', '6d664fdd-20b5-473a-bb3c-b8395884452b', 'e3523820-5596-48d0-ab06-ee74ac26ce13', 0, null),
        ('d2a7cdeb-857c-45ed-bb45-ad185c356f93', '2025-02-24 16:41:18.516126 +00:00', '2025-02-24 16:41:18.516126 +00:00', true, '12', '1', '6d664fdd-20b5-473a-bb3c-b8395884452b', 'e3523820-5596-48d0-ab06-ee74ac26ce13', 0, null),
        ('5cd50ec1-a85c-4be5-9dd6-2d7440b83394', '2025-02-24 16:57:44.894626 +00:00', '2025-02-24 16:57:44.894626 +00:00', true, '12345a', '123', '7b2c1c48-776f-49a0-86c5-25e9ec628f17', 'e3523820-5596-48d0-ab06-ee74ac26ce13', 0, null),
        ('8b21b21d-4677-4ec5-973e-14a27ea2c79c', '2025-02-24 16:57:51.243573 +00:00', '2025-02-24 16:57:51.243573 +00:00', true, '12345a', 'a', '6e64443e-befc-4d90-a917-e01981987008', 'e3523820-5596-48d0-ab06-ee74ac26ce13', 0, null),
        ('7e7a3d26-2c0b-4ad2-a95b-bf62838d5e32', '2025-02-24 17:40:12.311823 +00:00', '2025-02-24 17:40:12.311823 +00:00', true, '12345a', '1', '6d664fdd-20b5-473a-bb3c-b8395884452b', 'e3523820-5596-48d0-ab06-ee74ac26ce13', 0, null);

        insert into public.package (id, created_at, updated_at, is_active, name, description, price, rate, status)
values  ('4d8285fb-d158-49cd-acc8-6fb535e4b9aa', '2025-02-23 08:02:22.808201 +00:00', '2025-02-24 08:59:48.011355 +00:00', true, 'Package 121', 'Description 1', 100, 0, null),
        ('053619c8-720e-4baa-bf5e-b0076cf93618', '2025-02-24 08:36:18.719567 +00:00', '2025-02-24 11:05:16.652292 +00:00', true, 'Ngow Ngow', 'sdjalsdjlakdaskjdsakjdh', 1231323123, 0, null),
        ('b8469d8c-91d6-42ad-9242-884c8368d388', '2025-02-24 08:12:19.588494 +00:00', '2025-02-25 07:46:57.596296 +00:00', true, '22', '22', 1000000, 0, null);

        insert into public.package_detail (id, created_at, updated_at, is_active, quantity, description, package_id, package_item_id)
values  ('30b1b37f-882c-4cf8-b453-ab4485e9d1e9', '2025-02-24 08:59:48.011355 +00:00', '2025-02-24 08:59:48.011355 +00:00', true, 0, '', '4d8285fb-d158-49cd-acc8-6fb535e4b9aa', 'bd48a079-c277-4094-810f-48c4415a3092'),
        ('3adb1610-a80c-44e0-a696-92485b4f294d', '2025-02-24 08:59:48.011355 +00:00', '2025-02-24 08:59:48.011355 +00:00', true, 213, '3123', '4d8285fb-d158-49cd-acc8-6fb535e4b9aa', '1d31fcfc-df50-4433-989e-5e368bb05c3b'),
        ('5b4b32a4-6f89-45a7-a949-192af66e2ff9', '2025-02-24 08:59:48.011355 +00:00', '2025-02-24 08:59:48.011355 +00:00', true, 0, '', '4d8285fb-d158-49cd-acc8-6fb535e4b9aa', 'ccc8fa55-e635-4039-91c7-09dd51ec65f1'),
        ('de60bb76-4930-4c25-92f4-ed3dbf055de6', '2025-02-24 11:05:16.652292 +00:00', '2025-02-24 11:05:16.652292 +00:00', true, 2, 'ssss23131', '053619c8-720e-4baa-bf5e-b0076cf93618', 'bd48a079-c277-4094-810f-48c4415a3092'),
        ('e5cc7b3c-958f-497a-b8eb-360ef10c79c5', '2025-02-24 11:05:16.652292 +00:00', '2025-02-24 11:05:16.652292 +00:00', true, 3, 'nkjn', '053619c8-720e-4baa-bf5e-b0076cf93618', 'ccc8fa55-e635-4039-91c7-09dd51ec65f1'),
        ('de77141f-33be-489f-98b8-8e8b5804ae99', '2025-02-25 07:46:57.596296 +00:00', '2025-02-25 07:46:57.596296 +00:00', true, 0, '', 'b8469d8c-91d6-42ad-9242-884c8368d388', 'ccc8fa55-e635-4039-91c7-09dd51ec65f1');

        insert into public.project (id, created_at, updated_at, is_active, name, customer_name, address, phone, email, area, depth, package_id, note, status, customer_id, templatedesignid)
values  ('d5b59f1c-c6d1-473d-8f33-b56f85a54541', '2025-02-26 07:32:56.773818 +00:00', '2025-02-26 07:32:56.773818 +00:00', true, 'customer project', 'customer', 'address', '0123456789', 'root@gmail.com', 100, 100, '053619c8-720e-4baa-bf5e-b0076cf93618', 'note', 'REQUESTING', '3f82e35e-ecde-405b-905e-efd8b15a4386', null),
        ('aa0d8ad7-9483-4611-8704-9c7578b04535', '2025-02-26 07:36:04.962402 +00:00', '2025-02-26 07:36:04.962402 +00:00', true, 'customer project', 'customer', 'address', '0123456789', 'guest1@example.com', 100, 100, '053619c8-720e-4baa-bf5e-b0076cf93618', 'note', 'REQUESTING', '3f82e35e-ecde-405b-905e-efd8b15a4386', null),
        ('7ff6b21d-10fe-443b-898b-7bf0fcf84a38', '2025-02-26 07:46:01.079255 +00:00', '2025-02-26 07:46:01.079255 +00:00', true, 'customer project', 'customer', '671 street, Tan Phu, Phường 06, Quận 11, Thành phố Hồ Chí Minh', '0123456789', 'guest1@example.com', 100, 100, '053619c8-720e-4baa-bf5e-b0076cf93618', 'note', 'REQUESTING', '3f82e35e-ecde-405b-905e-efd8b15a4386', null),
        ('a0949c9f-22c1-4d81-ae19-63f9a74b4fea', '2025-02-26 07:48:35.781225 +00:00', '2025-02-26 07:48:35.781225 +00:00', true, 'Viet project', 'Viet', '671 street, Tan Phu, Phường 05, Quận 5, Thành phố Hồ Chí Minh', '0911413402', 'guest1@example.com', 23, 313, 'b8469d8c-91d6-42ad-9242-884c8368d388', 'sada', 'REQUESTING', '3f82e35e-ecde-405b-905e-efd8b15a4386', null),
        ('1d047e21-7b0e-447e-8d31-2ba5d25c1668', '2025-02-26 07:43:35.666068 +00:00', '2025-03-03 00:36:37.129508 +00:00', true, 'customer project', 'customer', '671 street, Tan Phu, Phường 06, Quận 11, Thành phố Hồ Chí Minh', '0123456789', 'guest1@example.com', 100, 100, '053619c8-720e-4baa-bf5e-b0076cf93618', 'note', 'PROCESSING', '3f82e35e-ecde-405b-905e-efd8b15a4386', null),
        ('1f6199da-9be8-4fba-b5ad-9c2319ffd451', '2025-02-28 06:59:42.284604 +00:00', '2025-03-03 03:41:14.423201 +00:00', true, '123 project', '123', '123 aaa, Phường Tăng Nhơn Phú A, Quận 9, Thành phố Hồ Chí Minh', '123', '12@gmail.com', 12, 12, '053619c8-720e-4baa-bf5e-b0076cf93618', '1231234', 'PROCESSING', '3f82e35e-ecde-405b-905e-efd8b15a4386', null),
        ('53ab987b-424c-4c22-89a5-17feb4c1d65c', '2025-02-26 07:35:56.155120 +00:00', '2025-03-03 07:44:43.511318 +00:00', true, 'customer project', 'customer', 'address', '0123456789', 'guest1@example.com', 100, 100, '053619c8-720e-4baa-bf5e-b0076cf93618', 'note', 'DESIGNING', '3f82e35e-ecde-405b-905e-efd8b15a4386', null),
        ('af80b1cf-6f1a-40dd-943c-0ce2dc112fd6', '2025-03-06 03:51:01.353528 +00:00', '2025-03-06 03:51:01.353528 +00:00', true, 'abc project', 'abc', 'nha que, Phường 05, Quận Gò Vấp, Thành phố Hồ Chí Minh', '123', 'abc@gmail.com', 12, 22, '4d8285fb-d158-49cd-acc8-6fb535e4b9aa', '', 'REQUESTING', '6c26c8fa-7a97-4b2a-b5f7-83e1cf0ca807', null),
        ('6e843e92-e55f-414c-a2e7-d52afe8251ce', '2025-02-26 07:38:41.180115 +00:00', '2025-03-06 04:39:58.280472 +00:00', true, 'customer project', 'customer', '671 street, Tan Phu, Phường 06, Quận 11, Thành phố Hồ Chí Minh', '0123456789', 'guest1@example.com', 100, 100, '053619c8-720e-4baa-bf5e-b0076cf93618', 'note', 'CONSTRUCTING', '3f82e35e-ecde-405b-905e-efd8b15a4386', null);

insert into public.design (id, created_at, updated_at, is_active, version, reason, status, is_public, project_id, staff_id, type)
values  ('c87b6324-cc1d-4dcb-a882-8d0f54e59c9d', '2025-03-05 10:27:55.623188 +00:00', '2025-03-05 10:27:55.623188 +00:00', true, 1, null, 'OPENING', false, '6e843e92-e55f-414c-a2e7-d52afe8251ce', '6931f272-f094-44ca-9fd4-6797f5d9a30a', '3D'),
        ('c5ad3f80-1357-498c-a26a-78d38bc09982', '2025-03-05 10:28:28.872176 +00:00', '2025-03-05 10:28:28.872176 +00:00', true, 1, null, 'OPENING', false, '6e843e92-e55f-414c-a2e7-d52afe8251ce', '6931f272-f094-44ca-9fd4-6797f5d9a30a', '3D'),
        ('379f88d5-aca1-4b28-816d-de47827ea007', '2025-03-05 10:32:03.532773 +00:00', '2025-03-05 10:32:03.532773 +00:00', true, 1, null, 'OPENING', false, '6e843e92-e55f-414c-a2e7-d52afe8251ce', '6931f272-f094-44ca-9fd4-6797f5d9a30a', '3D'),
        ('3be1cad2-ea60-4176-b03a-25668d9020b0', '2025-03-05 11:27:26.044992 +00:00', '2025-03-05 11:27:26.044992 +00:00', true, 1, null, 'OPENING', false, '6e843e92-e55f-414c-a2e7-d52afe8251ce', '6931f272-f094-44ca-9fd4-6797f5d9a30a', '3D'),
        ('bee27eff-0274-45d4-94d0-fa2f8c6513ba', '2025-03-06 00:30:07.725445 +00:00', '2025-03-06 00:30:07.725445 +00:00', true, 1, null, 'OPENING', false, '6e843e92-e55f-414c-a2e7-d52afe8251ce', '6931f272-f094-44ca-9fd4-6797f5d9a30a', '2D'),
        ('ce667670-38c5-41f1-9ac1-12874a020e2c', '2025-03-06 00:31:47.364495 +00:00', '2025-03-06 00:31:47.364495 +00:00', true, 1, null, 'OPENING', false, '6e843e92-e55f-414c-a2e7-d52afe8251ce', '6931f272-f094-44ca-9fd4-6797f5d9a30a', '3D'),
        ('54ec13be-2bc7-434f-ac71-e90e0fd4167e', '2025-03-06 01:39:35.111642 +00:00', '2025-03-06 01:39:35.111642 +00:00', true, 2, null, 'OPENING', false, '6e843e92-e55f-414c-a2e7-d52afe8251ce', '6931f272-f094-44ca-9fd4-6797f5d9a30a', '3D'),
        ('26bd1966-6330-46eb-b873-59882e42be8f', '2025-03-05 09:33:45.362213 +00:00', '2025-03-06 01:46:42.185873 +00:00', true, 1, 'Cần sửa', 'EDITING', false, '6e843e92-e55f-414c-a2e7-d52afe8251ce', '6931f272-f094-44ca-9fd4-6797f5d9a30a', '3D'),
        ('bfab644f-47ef-418c-bb7a-c6404e793bd8', '2025-03-06 01:47:08.885422 +00:00', '2025-03-06 01:47:08.885422 +00:00', true, 3, null, 'OPENING', false, '6e843e92-e55f-414c-a2e7-d52afe8251ce', '6931f272-f094-44ca-9fd4-6797f5d9a30a', '3D'),
        ('e93a9f97-a18e-4c4f-a794-1609afc3e2c0', '2025-03-06 01:45:19.834336 +00:00', '2025-03-06 01:47:23.625996 +00:00', true, 2, null, 'PREVIEWING', false, '6e843e92-e55f-414c-a2e7-d52afe8251ce', '6931f272-f094-44ca-9fd4-6797f5d9a30a', '3D'),
        ('1b5cfcf9-11b4-4cf7-ab0c-37d43f8c3eeb', '2025-03-06 01:47:23.625996 +00:00', '2025-03-06 01:47:23.625996 +00:00', true, 3, null, 'OPENING', false, '6e843e92-e55f-414c-a2e7-d52afe8251ce', '6931f272-f094-44ca-9fd4-6797f5d9a30a', '3D'),
        ('669494b7-68ce-4e19-ada7-76e1b55d5d83', '2025-03-06 01:41:59.799272 +00:00', '2025-03-06 01:48:17.982860 +00:00', true, 1, null, 'PREVIEWING', false, '6e843e92-e55f-414c-a2e7-d52afe8251ce', '6931f272-f094-44ca-9fd4-6797f5d9a30a', '3D'),
        ('24b55754-0f6f-4ca5-9a08-85ee2b3bf7a5', '2025-03-06 01:40:45.169066 +00:00', '2025-03-06 01:50:19.250083 +00:00', true, 2, null, 'PREVIEWING', false, '6e843e92-e55f-414c-a2e7-d52afe8251ce', '6931f272-f094-44ca-9fd4-6797f5d9a30a', '3D'),
        ('585b2195-49a0-4845-8732-515f4a54f138', '2025-03-06 01:50:19.250083 +00:00', '2025-03-06 01:50:19.250083 +00:00', true, 3, null, 'OPENING', false, '6e843e92-e55f-414c-a2e7-d52afe8251ce', '6931f272-f094-44ca-9fd4-6797f5d9a30a', '3D'),
        ('c2648b26-b1be-47af-87e2-df3637b4d7ea', '2025-03-06 00:31:25.039648 +00:00', '2025-03-06 04:30:44.793774 +00:00', true, 1, 'bc', 'REJECTED', false, '6e843e92-e55f-414c-a2e7-d52afe8251ce', '6931f272-f094-44ca-9fd4-6797f5d9a30a', '2D'),
        ('ec6ab748-8073-471a-98c6-a680c6181543', '2025-03-05 09:34:08.086830 +00:00', '2025-03-06 04:39:58.280472 +00:00', true, 1, null, 'CONFIRMED', false, '6e843e92-e55f-414c-a2e7-d52afe8251ce', '6931f272-f094-44ca-9fd4-6797f5d9a30a', '2D'),
        ('7cf423f1-1039-420b-ae96-360029ce6402', '2025-03-06 01:48:17.982860 +00:00', '2025-03-06 05:25:37.506282 +00:00', true, 2, '1', 'EDITING', false, '6e843e92-e55f-414c-a2e7-d52afe8251ce', '6931f272-f094-44ca-9fd4-6797f5d9a30a', '3D'),
        ('b8344862-7001-423e-9e2c-ebe7ddb3f561', '2025-03-06 08:33:18.590728 +00:00', '2025-03-06 08:56:08.503306 +00:00', true, 1, 'a', 'EDITING', false, '53ab987b-424c-4c22-89a5-17feb4c1d65c', 'd20197b3-f428-4b47-baaf-e641d3aca8f1', '3D');

        insert into public.design_image (id, created_at, updated_at, is_active, image_url, design_id)
values  ('4fc98917-9ae4-43c8-a051-448856ea9aab', '2025-03-05 09:33:45.118138 +00:00', '2025-03-05 09:33:45.362213 +00:00', true, 'https://res.cloudinary.com/dxztbchud/image/upload/v1741167224/image_upuyif.png', '26bd1966-6330-46eb-b873-59882e42be8f'),
        ('63355331-29ef-4707-814e-b9d1af043dd9', '2025-03-05 09:34:08.082014 +00:00', '2025-03-05 09:34:08.086830 +00:00', true, 'https://res.cloudinary.com/dxztbchud/image/upload/v1741167247/package_plmeqc.png', 'ec6ab748-8073-471a-98c6-a680c6181543'),
        ('ffaf1d26-b7c7-4c04-8dbe-3ba9cd46ecac', '2025-03-05 10:27:55.610719 +00:00', '2025-03-05 10:27:55.623188 +00:00', true, 'https://res.cloudinary.com/dxztbchud/image/upload/v1741170475/package_ed729q.png', 'c87b6324-cc1d-4dcb-a882-8d0f54e59c9d'),
        ('d34195e0-5ca8-42fe-9561-1deb00e7bcd6', '2025-03-05 10:28:28.868310 +00:00', '2025-03-05 10:28:28.872176 +00:00', true, 'https://res.cloudinary.com/dxztbchud/image/upload/v1741170508/470204920_122113787948610027_2612776147524153228_n_kjl84x.jpg', 'c5ad3f80-1357-498c-a26a-78d38bc09982'),
        ('e61a3ff8-faae-41e8-a580-d105d22a1022', '2025-03-05 10:32:03.524105 +00:00', '2025-03-05 10:32:03.532773 +00:00', true, 'https://res.cloudinary.com/dxztbchud/image/upload/v1741170722/470580540_122113787990610027_6698058646491428028_n_c1w3xq.jpg', '379f88d5-aca1-4b28-816d-de47827ea007'),
        ('0def4d9e-2a42-47ba-82d6-c78e3bfaaf77', '2025-03-05 11:27:26.027178 +00:00', '2025-03-05 11:27:26.044992 +00:00', true, 'https://res.cloudinary.com/dxztbchud/image/upload/v1741174045/470182407_2969317483221597_5994494404589273804_n_v9n1wm.jpg', '3be1cad2-ea60-4176-b03a-25668d9020b0'),
        ('381186c8-4af0-4adf-a586-9eff41b18a90', '2025-03-05 11:27:26.027178 +00:00', '2025-03-05 11:27:26.044992 +00:00', true, 'https://res.cloudinary.com/dxztbchud/image/upload/v1741174044/package_ri69jf.png', '3be1cad2-ea60-4176-b03a-25668d9020b0'),
        ('b30af9e7-32f7-410d-bfca-1f5e892c4689', '2025-03-05 11:27:26.027162 +00:00', '2025-03-05 11:27:26.044992 +00:00', true, 'https://res.cloudinary.com/dxztbchud/image/upload/v1741174045/470584215_2969317493221596_1209925800264304477_n_ucqpov.jpg', '3be1cad2-ea60-4176-b03a-25668d9020b0'),
        ('fb58b3c2-261f-4926-b5aa-4435cb6b2edd', '2025-03-05 11:27:26.027178 +00:00', '2025-03-05 11:27:26.044992 +00:00', true, 'https://res.cloudinary.com/dxztbchud/image/upload/v1741174045/470204920_122113787948610027_2612776147524153228_n_rd74ec.jpg', '3be1cad2-ea60-4176-b03a-25668d9020b0'),
        ('f5872639-65a0-4f86-a1a0-129166d29b60', '2025-03-06 00:30:07.640594 +00:00', '2025-03-06 00:30:07.725445 +00:00', true, 'https://res.cloudinary.com/dxztbchud/image/upload/v1741221007/package_pdo6t3.png', 'bee27eff-0274-45d4-94d0-fa2f8c6513ba'),
        ('43c26c91-cb4f-40e4-81e2-a5f0a2b69b09', '2025-03-06 00:31:25.035152 +00:00', '2025-03-06 00:31:25.039648 +00:00', true, 'https://res.cloudinary.com/dxztbchud/image/upload/v1741221084/image_jhhnoy.png', 'c2648b26-b1be-47af-87e2-df3637b4d7ea'),
        ('a5d23551-9745-44c7-a8b6-0ca674ddfb97', '2025-03-06 00:31:47.360617 +00:00', '2025-03-06 00:31:47.364495 +00:00', true, 'https://res.cloudinary.com/dxztbchud/image/upload/v1741221106/image_j7vg1j.png', 'ce667670-38c5-41f1-9ac1-12874a020e2c'),
        ('68a72d7b-70fe-40dd-a6d0-d6c29577f88a', '2025-03-06 01:39:35.102182 +00:00', '2025-03-06 01:39:35.111642 +00:00', true, 'https://res.cloudinary.com/dxztbchud/image/upload/v1741225174/package_svjew6.png', '54ec13be-2bc7-434f-ac71-e90e0fd4167e'),
        ('4b8970dc-acec-47fa-9eac-a43c95a207ed', '2025-03-06 01:40:45.164259 +00:00', '2025-03-06 01:40:45.169066 +00:00', true, 'https://res.cloudinary.com/dxztbchud/image/upload/v1741225244/image_dmotpo.png', '24b55754-0f6f-4ca5-9a08-85ee2b3bf7a5'),
        ('4cd65bcb-ad16-4a14-b9e9-fef3d5f58410', '2025-03-06 01:41:59.793118 +00:00', '2025-03-06 01:41:59.799272 +00:00', true, 'https://res.cloudinary.com/dxztbchud/image/upload/v1741225318/image_cchibs.png', '669494b7-68ce-4e19-ada7-76e1b55d5d83'),
        ('0882156d-d990-4eb4-94ba-7801b3842c0c', '2025-03-06 01:45:19.822155 +00:00', '2025-03-06 01:45:19.834336 +00:00', true, 'https://res.cloudinary.com/dxztbchud/image/upload/v1741225519/470189124_122113788002610027_1612952618501093624_n_auya6t.jpg', 'e93a9f97-a18e-4c4f-a794-1609afc3e2c0'),
        ('065f71b9-f231-4a82-9033-8cce97680b81', '2025-03-06 01:47:08.881350 +00:00', '2025-03-06 01:47:08.885422 +00:00', true, 'https://res.cloudinary.com/dxztbchud/image/upload/v1741225628/package_y8e9xx.png', 'bfab644f-47ef-418c-bb7a-c6404e793bd8'),
        ('cf7e3a3d-635e-4cfe-b2b3-4084964f2d87', '2025-03-06 01:47:23.623240 +00:00', '2025-03-06 01:47:23.625996 +00:00', true, 'https://res.cloudinary.com/dxztbchud/image/upload/v1741225642/package_fl7anj.png', '1b5cfcf9-11b4-4cf7-ab0c-37d43f8c3eeb'),
        ('cd67cf7d-950a-4ddf-b83a-f463c32c48f9', '2025-03-06 01:48:17.977706 +00:00', '2025-03-06 01:48:17.982860 +00:00', true, 'https://res.cloudinary.com/dxztbchud/image/upload/v1741225697/470182407_2969317483221597_5994494404589273804_n_x0xnpd.jpg', '7cf423f1-1039-420b-ae96-360029ce6402'),
        ('5555bde5-1bb9-465c-ae27-239f27f9a6d1', '2025-03-06 01:50:19.244102 +00:00', '2025-03-06 01:50:19.250083 +00:00', true, 'https://res.cloudinary.com/dxztbchud/image/upload/v1741225818/image_jbalu8.png', '585b2195-49a0-4845-8732-515f4a54f138'),
        ('3f505b79-1660-4fe3-9d96-4f35c10c60fa', '2025-03-06 08:33:18.583408 +00:00', '2025-03-06 08:33:18.590728 +00:00', true, 'https://upload.wikimedia.org/wikipedia/commons/a/a7/Blank_image.jpg', 'b8344862-7001-423e-9e2c-ebe7ddb3f561');

        insert into public.project_staff (id, created_at, updated_at, project_id, staff_id)
values  ('b2c6c559-231f-4ced-8dc9-d6ec94b4525c', '2025-03-03 00:36:37.129508 +00:00', '2025-03-03 00:36:37.129508 +00:00', '1d047e21-7b0e-447e-8d31-2ba5d25c1668', '4eff8d9c-99b1-470f-9ad4-776af420f152'),
        ('c08f2b05-b017-48bb-9b94-852a97b78773', '2025-03-03 03:41:14.423201 +00:00', '2025-03-03 03:41:14.423201 +00:00', '1f6199da-9be8-4fba-b5ad-9c2319ffd451', '632a6151-cdde-4e21-b35d-d7892ea67f6e'),
        ('94409a2e-91a1-48a4-9379-bc542245b5ac', '2025-03-03 06:43:32.407625 +00:00', '2025-03-03 06:43:32.407625 +00:00', '53ab987b-424c-4c22-89a5-17feb4c1d65c', '524d0aa1-3d0c-4791-b3f4-93499b6c08e4'),
        ('0106660c-f95e-4d60-96bb-d720402239ad', '2025-03-03 10:00:20.695304 +00:00', '2025-03-03 10:00:20.695304 +00:00', '6e843e92-e55f-414c-a2e7-d52afe8251ce', '524d0aa1-3d0c-4791-b3f4-93499b6c08e4'),
        ('7d2dcd1c-0f31-4dc2-bd45-a1701b52aec3', '2025-03-03 10:22:37.837059 +00:00', '2025-03-03 10:22:37.837059 +00:00', '53ab987b-424c-4c22-89a5-17feb4c1d65c', '349fb7f8-533d-4093-9855-04c048d09c08'),
        ('7f807b67-8c58-41ee-ba86-e04ac6a209ad', '2025-03-03 11:18:29.504606 +00:00', '2025-03-03 11:18:29.504606 +00:00', '53ab987b-424c-4c22-89a5-17feb4c1d65c', 'ecebfd03-8d91-4420-9352-e1fdc91f4de3'),
        ('fb591291-8880-482a-a6cf-79cb2462fd3b', '2025-03-05 04:12:42.667596 +00:00', '2025-03-05 04:12:42.667596 +00:00', '6e843e92-e55f-414c-a2e7-d52afe8251ce', '44dda75a-5731-4137-acb1-d480e446187f'),
        ('e39bb81c-428f-4050-ae41-2e8718fdb4c6', '2025-03-05 04:12:57.500076 +00:00', '2025-03-05 04:12:57.500076 +00:00', '6e843e92-e55f-414c-a2e7-d52afe8251ce', '6931f272-f094-44ca-9fd4-6797f5d9a30a');

        insert into public.quotation (id, created_at, updated_at, is_active, project_id, version, total_price, reason, status, promotion_id, idtemplate)
values  ('a75bdf9c-ea5c-49b5-9147-e382fa91d7fe', '2025-03-03 04:17:23.372507 +00:00', '2025-03-03 08:03:37.624249 +00:00', true, '1f6199da-9be8-4fba-b5ad-9c2319ffd451', 3, 10100, '', 'APPROVED', null, 'e3523820-5596-48d0-ab06-ee74ac26ce13'),
        ('f32fa1ab-a560-4b08-98c9-93ed14caed88', '2025-03-03 02:42:42.608380 +00:00', '2025-03-03 08:47:18.309620 +00:00', true, '1d047e21-7b0e-447e-8d31-2ba5d25c1668', 1, 0, '', 'REJECTED', null, 'e3523820-5596-48d0-ab06-ee74ac26ce13'),
        ('b81e6792-4a7f-4464-9517-8a9d0933d46d', '2025-03-03 04:17:23.062758 +00:00', '2025-03-03 08:53:25.037788 +00:00', true, '1f6199da-9be8-4fba-b5ad-9c2319ffd451', 2, 10100, '', 'REJECTED', null, 'e3523820-5596-48d0-ab06-ee74ac26ce13'),
        ('97b628bc-a1d2-40da-967d-45ae3f45d8ea', '2025-03-03 04:17:23.524088 +00:00', '2025-03-03 09:37:05.633392 +00:00', true, '1f6199da-9be8-4fba-b5ad-9c2319ffd451', 4, 10100, '', 'REJECTED', null, 'e3523820-5596-48d0-ab06-ee74ac26ce13'),
        ('cda0837d-bfaa-4c9e-966e-1ff0a8494970', '2025-03-04 01:47:06.200803 +00:00', '2025-03-04 16:12:29.438492 +00:00', true, '1f6199da-9be8-4fba-b5ad-9c2319ffd451', 9, 0, '', 'REJECTED', null, 'e3523820-5596-48d0-ab06-ee74ac26ce13'),
        ('c5b29972-df51-44f0-bc87-0d703477d4a7', '2025-03-04 01:45:36.300930 +00:00', '2025-03-04 16:33:20.756180 +00:00', true, '1f6199da-9be8-4fba-b5ad-9c2319ffd451', 8, 2200018, '', 'REJECTED', null, 'e3523820-5596-48d0-ab06-ee74ac26ce13'),
        ('2d8d8c8a-819b-40bf-bac1-0e80e426b0b4', '2025-03-03 19:21:22.574772 +00:00', '2025-03-04 16:34:11.740635 +00:00', true, '1f6199da-9be8-4fba-b5ad-9c2319ffd451', 7, 300027, '', 'REJECTED', null, 'e97146bb-bd95-4478-8cdb-25273e6453fb'),
        ('a932e15f-76fd-474c-85c3-503c0667858c', '2025-03-03 19:21:21.990075 +00:00', '2025-03-04 16:35:40.784695 +00:00', true, '1f6199da-9be8-4fba-b5ad-9c2319ffd451', 6, 300027, '', 'REJECTED', null, 'e97146bb-bd95-4478-8cdb-25273e6453fb'),
        ('4500918f-444d-4528-b39c-efd7110a3789', '2025-03-03 19:21:18.354877 +00:00', '2025-03-04 16:41:23.993200 +00:00', true, '1f6199da-9be8-4fba-b5ad-9c2319ffd451', 5, 300027, '', 'REJECTED', null, 'e97146bb-bd95-4478-8cdb-25273e6453fb'),
        ('da3564b4-3f06-4b18-9396-8538e1906626', '2025-03-03 04:17:16.511973 +00:00', '2025-03-05 03:32:41.683930 +00:00', true, '1f6199da-9be8-4fba-b5ad-9c2319ffd451', 1, 10100, '', 'APPROVED', null, 'e3523820-5596-48d0-ab06-ee74ac26ce13'),
        ('db4adf8f-e9b3-452e-a451-7fb37d42ef0b', '2025-03-04 16:57:30.637410 +00:00', '2025-03-06 03:36:26.696720 +00:00', true, '1f6199da-9be8-4fba-b5ad-9c2319ffd451', 10, 10000, '', 'APPROVED', null, 'e3523820-5596-48d0-ab06-ee74ac26ce13'),
        ('4ca42ae6-b375-49ae-a48e-c75892cd8731', '2025-03-05 15:19:22.948534 +00:00', '2025-03-06 16:48:17.406698 +00:00', true, '1f6199da-9be8-4fba-b5ad-9c2319ffd451', 11, 5788798, '', 'UPDATING', null, '15f882f9-af13-449e-84b8-2da272d2e005'),
        ('ae270f5d-55fd-4e9d-849d-d2364a1c3452', '2025-03-05 15:32:55.378379 +00:00', '2025-03-06 17:03:39.896803 +00:00', true, '1f6199da-9be8-4fba-b5ad-9c2319ffd451', 12, 1618041, '', 'PREVIEW', null, '15f882f9-af13-449e-84b8-2da272d2e005'),
        ('19343cb1-d541-4e89-8046-e4b0df65c4cd', '2025-03-05 16:08:26.292485 +00:00', '2025-03-06 17:05:48.746312 +00:00', true, '1f6199da-9be8-4fba-b5ad-9c2319ffd451', 13, 122477, '', 'PREVIEW', null, 'e3523820-5596-48d0-ab06-ee74ac26ce13'),
        ('ed77f9a9-ab45-46dd-a530-87e594447bc4', '2025-03-06 17:03:39.882699 +00:00', '2025-03-06 17:23:42.713702 +00:00', true, '1f6199da-9be8-4fba-b5ad-9c2319ffd451', 16, 1618041, '', 'UPDATING', null, '7d81b975-d3d0-43ee-8c16-d7ec96089817'),
        ('046c2b73-1234-4886-8a3d-8af43c78a8b4', '2025-03-05 16:37:36.157073 +00:00', '2025-03-06 17:26:28.369226 +00:00', true, '1f6199da-9be8-4fba-b5ad-9c2319ffd451', 15, 10000, '', 'APPROVED', null, 'e3523820-5596-48d0-ab06-ee74ac26ce13'),
        ('856e64be-5740-4238-bb9e-c96893ec0f28', '2025-03-05 16:36:25.991044 +00:00', '2025-03-06 17:28:12.139230 +00:00', true, '1f6199da-9be8-4fba-b5ad-9c2319ffd451', 14, 130378, '', 'UPDATING', null, 'e97146bb-bd95-4478-8cdb-25273e6453fb'),
        ('4664006c-7c45-426b-8ba3-28b1ab706898', '2025-03-06 17:51:41.244027 +00:00', '2025-03-06 17:51:41.244027 +00:00', true, '1f6199da-9be8-4fba-b5ad-9c2319ffd451', 17, 0, '', 'OPEN', null, 'e3523820-5596-48d0-ab06-ee74ac26ce13'),
        ('c8367b70-65ea-4fd1-b56d-84e6d0f18760', '2025-03-06 17:54:09.213905 +00:00', '2025-03-06 17:54:09.213905 +00:00', true, '1f6199da-9be8-4fba-b5ad-9c2319ffd451', 18, 220018, '', 'OPEN', null, 'e97146bb-bd95-4478-8cdb-25273e6453fb');

insert into public.quotation_detail (id, created_at, updated_at, is_active, quantity, price, category, note, quotation_id, service_id)
values  ('74381b6d-1748-4f58-ae8e-7c475ceedf4c', '2025-03-03 04:17:16.511973 +00:00', '2025-03-03 04:17:16.511973 +00:00', true, 1, 10000, 'PRELIMINARIES', 'Note 1', 'da3564b4-3f06-4b18-9396-8538e1906626', '1ed99461-468a-4c42-aa44-9282e935cee4'),
        ('fd0b5680-50f3-4f52-8fac-50775bec7928', '2025-03-03 04:17:23.062758 +00:00', '2025-03-03 04:17:23.062758 +00:00', true, 1, 10000, 'PRELIMINARIES', 'Note 1', 'b81e6792-4a7f-4464-9517-8a9d0933d46d', '1ed99461-468a-4c42-aa44-9282e935cee4'),
        ('87f7cb1a-a348-4b18-be99-cdd0024be64c', '2025-03-03 04:17:23.372507 +00:00', '2025-03-03 04:17:23.372507 +00:00', true, 1, 10000, 'PRELIMINARIES', 'Note 1', 'a75bdf9c-ea5c-49b5-9147-e382fa91d7fe', '1ed99461-468a-4c42-aa44-9282e935cee4'),
        ('e779c12a-c971-4347-912a-540cac993f9f', '2025-03-03 04:17:23.524088 +00:00', '2025-03-03 04:17:23.524088 +00:00', true, 1, 10000, 'PRELIMINARIES', 'Note 1', '97b628bc-a1d2-40da-967d-45ae3f45d8ea', '1ed99461-468a-4c42-aa44-9282e935cee4'),
        ('55a9dd22-3b94-4d46-87c0-970f8e520c07', '2025-03-03 19:21:18.354877 +00:00', '2025-03-03 19:21:18.354877 +00:00', true, 2, 100009, 'PRELIMINARIES', '', '4500918f-444d-4528-b39c-efd7110a3789', 'd2f768e6-a3ec-4218-a29c-7b45eaeeeeb8'),
        ('f2f997a1-1b90-4300-adf3-fb23c0df9e77', '2025-03-03 19:21:18.354877 +00:00', '2025-03-03 19:21:18.354877 +00:00', true, 1, 100009, 'POWER_HOUSE', '', '4500918f-444d-4528-b39c-efd7110a3789', 'd2f768e6-a3ec-4218-a29c-7b45eaeeeeb8'),
        ('feea3bdf-1431-4b2a-9854-b460a1f3e73a', '2025-03-03 19:21:21.990075 +00:00', '2025-03-03 19:21:21.990075 +00:00', true, 1, 100009, 'POWER_HOUSE', '', 'a932e15f-76fd-474c-85c3-503c0667858c', 'd2f768e6-a3ec-4218-a29c-7b45eaeeeeb8'),
        ('b9fe17cc-2f53-4599-aa9f-a963db823ba1', '2025-03-03 19:21:21.990075 +00:00', '2025-03-03 19:21:21.990075 +00:00', true, 2, 100009, 'PRELIMINARIES', '', 'a932e15f-76fd-474c-85c3-503c0667858c', 'd2f768e6-a3ec-4218-a29c-7b45eaeeeeb8'),
        ('e5d927ac-2aa7-4204-ba49-74b1557ccd3b', '2025-03-03 19:21:22.574772 +00:00', '2025-03-03 19:21:22.574772 +00:00', true, 2, 100009, 'PRELIMINARIES', '', '2d8d8c8a-819b-40bf-bac1-0e80e426b0b4', 'd2f768e6-a3ec-4218-a29c-7b45eaeeeeb8'),
        ('ed87dfab-ff37-4f0d-9ade-f5765a0a54b9', '2025-03-03 19:21:22.574772 +00:00', '2025-03-03 19:21:22.574772 +00:00', true, 1, 100009, 'POWER_HOUSE', '', '2d8d8c8a-819b-40bf-bac1-0e80e426b0b4', 'd2f768e6-a3ec-4218-a29c-7b45eaeeeeb8'),
        ('ece1f806-8588-453e-98ef-b6c54bd2664f', '2025-03-04 01:45:36.300930 +00:00', '2025-03-04 01:45:36.300930 +00:00', true, 2, 100009, 'PRELIMINARIES', '', 'c5b29972-df51-44f0-bc87-0d703477d4a7', 'd2f768e6-a3ec-4218-a29c-7b45eaeeeeb8'),
        ('cfc0bedd-9ee0-4d3e-adbb-91fde1513722', '2025-03-04 16:57:30.637410 +00:00', '2025-03-04 16:57:30.637410 +00:00', true, 1, 10000, 'PRELIMINARIES', '', 'db4adf8f-e9b3-452e-a451-7fb37d42ef0b', '1ed99461-468a-4c42-aa44-9282e935cee4'),
        ('dbe15f3e-d776-496a-b86b-964849437740', '2025-03-05 15:32:55.378379 +00:00', '2025-03-05 15:32:55.378379 +00:00', true, 5, 10000, 'POND_LAYOUT', '', 'ae270f5d-55fd-4e9d-849d-d2364a1c3452', '1ed99461-468a-4c42-aa44-9282e935cee4'),
        ('96c22328-a034-4fa0-8e1e-17fa5a244eea', '2025-03-05 15:32:55.378379 +00:00', '2025-03-05 15:32:55.378379 +00:00', true, 1, 10000, 'PRELIMINARIES', '', 'ae270f5d-55fd-4e9d-849d-d2364a1c3452', '1ed99461-468a-4c42-aa44-9282e935cee4'),
        ('3f16147b-fe63-4642-b183-0daf4e781086', '2025-03-05 15:32:55.378379 +00:00', '2025-03-05 15:32:55.378379 +00:00', true, 1, 100009, 'PRELIMINARIES', '', 'ae270f5d-55fd-4e9d-849d-d2364a1c3452', 'd2f768e6-a3ec-4218-a29c-7b45eaeeeeb8'),
        ('a2245abb-e767-4f23-a1c2-4b98a1daec7f', '2025-03-05 15:32:55.378379 +00:00', '2025-03-05 15:32:55.378379 +00:00', true, 1, 100009, 'POND_LAYOUT', '', 'ae270f5d-55fd-4e9d-849d-d2364a1c3452', 'd2f768e6-a3ec-4218-a29c-7b45eaeeeeb8'),
        ('821a44c5-6de8-47cf-8f85-3c3c2c2f2871', '2025-03-05 16:31:37.880267 +00:00', '2025-03-05 16:31:37.880267 +00:00', true, 1, 10000, 'POND_LAYOUT', '', '4ca42ae6-b375-49ae-a48e-c75892cd8731', '1ed99461-468a-4c42-aa44-9282e935cee4'),
        ('2a267651-cbe4-4e55-8155-d355ec828273', '2025-03-05 16:31:37.880267 +00:00', '2025-03-05 16:31:37.880267 +00:00', true, 1, 100009, 'POND_LAYOUT', '', '4ca42ae6-b375-49ae-a48e-c75892cd8731', 'd2f768e6-a3ec-4218-a29c-7b45eaeeeeb8'),
        ('5209c9b6-df64-4496-bfa1-251f300764e9', '2025-03-06 17:00:53.273630 +00:00', '2025-03-06 17:00:53.273630 +00:00', true, 1, 10000, 'POND_LAYOUT', '', '046c2b73-1234-4886-8a3d-8af43c78a8b4', '1ed99461-468a-4c42-aa44-9282e935cee4'),
        ('0e4abea3-479d-43d9-957f-335025db2850', '2025-03-06 17:02:02.655278 +00:00', '2025-03-06 17:02:02.655278 +00:00', true, 1, 100009, 'PRELIMINARIES', '', '856e64be-5740-4238-bb9e-c96893ec0f28', 'd2f768e6-a3ec-4218-a29c-7b45eaeeeeb8'),
        ('0cf90480-3cf3-4323-87d1-e97770bdbcf6', '2025-03-06 17:02:02.655278 +00:00', '2025-03-06 17:02:02.655278 +00:00', true, 2, 10000, 'PRELIMINARIES', '', '856e64be-5740-4238-bb9e-c96893ec0f28', '1ed99461-468a-4c42-aa44-9282e935cee4'),
        ('415429bf-eb0a-4620-8d25-90a0b88910fc', '2025-03-06 17:02:02.655278 +00:00', '2025-03-06 17:02:02.655278 +00:00', true, 1, 10000, 'POND_LAYOUT', '', '856e64be-5740-4238-bb9e-c96893ec0f28', '1ed99461-468a-4c42-aa44-9282e935cee4'),
        ('f976c7b8-af2b-4b55-b13b-0efb35b93864', '2025-03-06 17:02:46.502892 +00:00', '2025-03-06 17:02:46.502892 +00:00', true, 1, 100009, 'POND_LAYOUT', '312', '19343cb1-d541-4e89-8046-e4b0df65c4cd', 'd2f768e6-a3ec-4218-a29c-7b45eaeeeeb8'),
        ('8ab19f40-ced4-4a00-a9ab-2c5fefef62c4', '2025-03-06 17:02:46.502892 +00:00', '2025-03-06 17:02:46.502892 +00:00', true, 1, 10000, 'POND_LAYOUT', '231', '19343cb1-d541-4e89-8046-e4b0df65c4cd', '1ed99461-468a-4c42-aa44-9282e935cee4'),
        ('863b4ee5-90c0-4bfa-84f9-4053cadeaa54', '2025-03-06 17:02:46.502892 +00:00', '2025-03-06 17:02:46.502892 +00:00', true, 1, 10000, 'POND_LAYOUT', '231', '19343cb1-d541-4e89-8046-e4b0df65c4cd', '1ed99461-468a-4c42-aa44-9282e935cee4'),
        ('836f5c2b-14ba-431b-ada2-2faabe5e91cd', '2025-03-06 17:03:39.882699 +00:00', '2025-03-06 17:03:39.882699 +00:00', true, 1, 10000, 'PRELIMINARIES', '', 'ed77f9a9-ab45-46dd-a530-87e594447bc4', '1ed99461-468a-4c42-aa44-9282e935cee4'),
        ('bf6a33a6-4f2f-40b0-bc50-9502cfffecfe', '2025-03-06 17:03:39.882699 +00:00', '2025-03-06 17:03:39.882699 +00:00', true, 5, 10000, 'POND_LAYOUT', '', 'ed77f9a9-ab45-46dd-a530-87e594447bc4', '1ed99461-468a-4c42-aa44-9282e935cee4'),
        ('3901ce14-79d1-4a09-94ae-09a4e4a42b6d', '2025-03-06 17:03:39.882699 +00:00', '2025-03-06 17:03:39.882699 +00:00', true, 1, 100009, 'POND_LAYOUT', '', 'ed77f9a9-ab45-46dd-a530-87e594447bc4', 'd2f768e6-a3ec-4218-a29c-7b45eaeeeeb8'),
        ('e2d78d51-f8cd-448a-898a-0114bf020828', '2025-03-06 17:03:39.882699 +00:00', '2025-03-06 17:03:39.882699 +00:00', true, 1, 100009, 'PRELIMINARIES', '', 'ed77f9a9-ab45-46dd-a530-87e594447bc4', 'd2f768e6-a3ec-4218-a29c-7b45eaeeeeb8'),
        ('484d3cd1-bd4a-471d-8908-e0529fc700a2', '2025-03-06 17:54:09.213905 +00:00', '2025-03-06 17:54:09.213905 +00:00', true, 1, 100009, 'PLUMBING_WORKS', '', 'c8367b70-65ea-4fd1-b56d-84e6d0f18760', 'd2f768e6-a3ec-4218-a29c-7b45eaeeeeb8'),
        ('2070e400-49bc-44d7-9f28-5abaf57454dc', '2025-03-06 17:54:09.213905 +00:00', '2025-03-06 17:54:09.213905 +00:00', true, 1, 10000, 'PLUMBING_WORKS', '', 'c8367b70-65ea-4fd1-b56d-84e6d0f18760', '1ed99461-468a-4c42-aa44-9282e935cee4'),
        ('8c5657c1-7445-48a6-94bb-761c0569e914', '2025-03-06 17:54:09.213905 +00:00', '2025-03-06 17:54:09.213905 +00:00', true, 1, 10000, 'POND_LAYOUT', '', 'c8367b70-65ea-4fd1-b56d-84e6d0f18760', '1ed99461-468a-4c42-aa44-9282e935cee4'),
        ('a89c9d08-6848-493c-af75-c7a6d88d5fec', '2025-03-06 17:54:09.213905 +00:00', '2025-03-06 17:54:09.213905 +00:00', true, 1, 100009, 'POND_LAYOUT', '', 'c8367b70-65ea-4fd1-b56d-84e6d0f18760', 'd2f768e6-a3ec-4218-a29c-7b45eaeeeeb8');

        insert into public.quotation_equipment (id, created_at, updated_at, is_active, quantity, price, note, category, quotation_id, equipment_id)
values  ('eece7e8f-76fb-4c68-a650-1d883f5819c7', '2025-03-03 04:17:16.511973 +00:00', '2025-03-03 04:17:16.511973 +00:00', true, 1, 100, 'Note 1', 'PRELIMINARIES', 'da3564b4-3f06-4b18-9396-8538e1906626', 'dca8a51d-01f2-4bc6-9eba-b710d62f9162'),
        ('8edf061d-ba52-4f68-8698-ca6875fb9675', '2025-03-03 04:17:23.062758 +00:00', '2025-03-03 04:17:23.062758 +00:00', true, 1, 100, 'Note 1', 'PRELIMINARIES', 'b81e6792-4a7f-4464-9517-8a9d0933d46d', 'dca8a51d-01f2-4bc6-9eba-b710d62f9162'),
        ('17bda5fd-4ee4-4726-8308-973c90590a6e', '2025-03-03 04:17:23.372507 +00:00', '2025-03-03 04:17:23.372507 +00:00', true, 1, 100, 'Note 1', 'PRELIMINARIES', 'a75bdf9c-ea5c-49b5-9147-e382fa91d7fe', 'dca8a51d-01f2-4bc6-9eba-b710d62f9162'),
        ('402a06e9-a51e-4409-8cdc-7d609e8aba52', '2025-03-03 04:17:23.524088 +00:00', '2025-03-03 04:17:23.524088 +00:00', true, 1, 100, 'Note 1', 'PRELIMINARIES', '97b628bc-a1d2-40da-967d-45ae3f45d8ea', 'dca8a51d-01f2-4bc6-9eba-b710d62f9162'),
        ('2be9dbb6-91f8-4f3c-85da-725e38565cdd', '2025-03-03 19:21:18.354877 +00:00', '2025-03-03 19:21:18.354877 +00:00', true, 1, 0, '', 'PRELIMINARIES', '4500918f-444d-4528-b39c-efd7110a3789', '7dfb755f-62c5-40f0-b0eb-2e4ff00af11a'),
        ('5d1c1d8b-ddf2-487f-bc9e-43e946c86227', '2025-03-03 19:21:18.354877 +00:00', '2025-03-03 19:21:18.354877 +00:00', true, 2, 0, '', 'PRELIMINARIES', '4500918f-444d-4528-b39c-efd7110a3789', 'dca8a51d-01f2-4bc6-9eba-b710d62f9162'),
        ('16bf1570-3c5e-40d0-9def-35e348ef7c4d', '2025-03-03 19:21:21.990075 +00:00', '2025-03-03 19:21:21.990075 +00:00', true, 2, 0, '', 'PRELIMINARIES', 'a932e15f-76fd-474c-85c3-503c0667858c', 'dca8a51d-01f2-4bc6-9eba-b710d62f9162'),
        ('6c74f94d-3331-47e6-9d3e-475a820638dd', '2025-03-03 19:21:21.990075 +00:00', '2025-03-03 19:21:21.990075 +00:00', true, 1, 0, '', 'PRELIMINARIES', 'a932e15f-76fd-474c-85c3-503c0667858c', '7dfb755f-62c5-40f0-b0eb-2e4ff00af11a'),
        ('8c680d0e-29a3-49e7-8e35-653ae35b6846', '2025-03-03 19:21:22.574772 +00:00', '2025-03-03 19:21:22.574772 +00:00', true, 2, 0, '', 'PRELIMINARIES', '2d8d8c8a-819b-40bf-bac1-0e80e426b0b4', 'dca8a51d-01f2-4bc6-9eba-b710d62f9162'),
        ('f22ad50a-7ec5-4e1a-b046-ed1a4ff73560', '2025-03-03 19:21:22.574772 +00:00', '2025-03-03 19:21:22.574772 +00:00', true, 1, 0, '', 'PRELIMINARIES', '2d8d8c8a-819b-40bf-bac1-0e80e426b0b4', '7dfb755f-62c5-40f0-b0eb-2e4ff00af11a'),
        ('030e38f2-a8af-4176-a1ea-3777680cbc28', '2025-03-04 01:45:36.300930 +00:00', '2025-03-04 01:45:36.300930 +00:00', true, 1, 2000000, 'wqe', 'PRELIMINARIES', 'c5b29972-df51-44f0-bc87-0d703477d4a7', 'dca8a51d-01f2-4bc6-9eba-b710d62f9162'),
        ('da282f6f-8acf-4fc4-8610-855494be2c72', '2025-03-04 01:47:06.200803 +00:00', '2025-03-04 01:47:06.200803 +00:00', true, 1, 0, '', 'PRELIMINARIES', 'cda0837d-bfaa-4c9e-966e-1ff0a8494970', 'dca8a51d-01f2-4bc6-9eba-b710d62f9162'),
        ('5baa54b1-8e16-42af-bd2d-f2b79eea13fb', '2025-03-04 16:57:30.637410 +00:00', '2025-03-04 16:57:30.637410 +00:00', true, 1, 0, '', 'PRELIMINARIES', 'db4adf8f-e9b3-452e-a451-7fb37d42ef0b', '7dfb755f-62c5-40f0-b0eb-2e4ff00af11a'),
        ('8a343bab-2bf0-4bf5-8984-33079fe05e8b', '2025-03-04 16:57:30.637410 +00:00', '2025-03-04 16:57:30.637410 +00:00', true, 1, 0, '', 'PRELIMINARIES', 'db4adf8f-e9b3-452e-a451-7fb37d42ef0b', 'dca8a51d-01f2-4bc6-9eba-b710d62f9162'),
        ('b535cf60-8656-4a64-982e-39e463a65f61', '2025-03-04 16:57:30.637410 +00:00', '2025-03-04 16:57:30.637410 +00:00', true, 1, 0, '', 'PRELIMINARIES', 'db4adf8f-e9b3-452e-a451-7fb37d42ef0b', '9c8fc488-c36e-4283-a169-66d928d1f6ed'),
        ('1df2261a-e166-4615-995b-ab84d4fe49fc', '2025-03-05 15:32:55.378379 +00:00', '2025-03-05 15:32:55.378379 +00:00', true, 1, 123456, '', 'PRELIMINARIES', 'ae270f5d-55fd-4e9d-849d-d2364a1c3452', '9c8fc488-c36e-4283-a169-66d928d1f6ed'),
        ('a9ff9856-92ec-47ac-ac3d-d1cb86fd379a', '2025-03-05 15:32:55.378379 +00:00', '2025-03-05 15:32:55.378379 +00:00', true, 1, 1234567, '', 'PRELIMINARIES', 'ae270f5d-55fd-4e9d-849d-d2364a1c3452', '7dfb755f-62c5-40f0-b0eb-2e4ff00af11a'),
        ('6250c08f-3582-447c-92f8-5d2ed99ca677', '2025-03-05 16:31:37.880267 +00:00', '2025-03-05 16:31:37.880267 +00:00', true, 1, 5678789, '', 'PRELIMINARIES', '4ca42ae6-b375-49ae-a48e-c75892cd8731', 'dca8a51d-01f2-4bc6-9eba-b710d62f9162'),
        ('89aa81dc-e576-4cc8-8167-3fcdbf5e469f', '2025-03-06 17:00:53.273630 +00:00', '2025-03-06 17:00:53.273630 +00:00', true, 1, 0, '', 'PRELIMINARIES', '046c2b73-1234-4886-8a3d-8af43c78a8b4', 'dca8a51d-01f2-4bc6-9eba-b710d62f9162'),
        ('5eec25c9-f0d0-4706-b000-8089db935920', '2025-03-06 17:02:02.655278 +00:00', '2025-03-06 17:02:02.655278 +00:00', true, 1, 123, '', 'PRELIMINARIES', '856e64be-5740-4238-bb9e-c96893ec0f28', 'dca8a51d-01f2-4bc6-9eba-b710d62f9162'),
        ('8431a571-72dc-49ba-80b8-05202cb29543', '2025-03-06 17:02:02.655278 +00:00', '2025-03-06 17:02:02.655278 +00:00', true, 1, 123, '', 'PRELIMINARIES', '856e64be-5740-4238-bb9e-c96893ec0f28', '7dfb755f-62c5-40f0-b0eb-2e4ff00af11a'),
        ('aafa3de4-9ed7-427d-9265-1827818e96dd', '2025-03-06 17:02:02.655278 +00:00', '2025-03-06 17:02:02.655278 +00:00', true, 1, 123, '', 'PRELIMINARIES', '856e64be-5740-4238-bb9e-c96893ec0f28', '9c8fc488-c36e-4283-a169-66d928d1f6ed'),
        ('1ed7a13d-15c2-4f1d-b7f8-1a10d85e6981', '2025-03-06 17:02:46.502892 +00:00', '2025-03-06 17:02:46.502892 +00:00', true, 1, 1234, '1231', 'POND_LAYOUT', '19343cb1-d541-4e89-8046-e4b0df65c4cd', 'dca8a51d-01f2-4bc6-9eba-b710d62f9162'),
        ('6af8b205-627c-4532-8da2-6541eadd6b08', '2025-03-06 17:02:46.502892 +00:00', '2025-03-06 17:02:46.502892 +00:00', true, 1, 0, '', 'PRELIMINARIES', '19343cb1-d541-4e89-8046-e4b0df65c4cd', '9c8fc488-c36e-4283-a169-66d928d1f6ed'),
        ('a8fc709a-45d6-48b6-a48b-272820610d8b', '2025-03-06 17:02:46.502892 +00:00', '2025-03-06 17:02:46.502892 +00:00', true, 1, 1234, '1231', 'POND_LAYOUT', '19343cb1-d541-4e89-8046-e4b0df65c4cd', 'dca8a51d-01f2-4bc6-9eba-b710d62f9162'),
        ('f175eb7c-7b44-4521-816e-05dbe58fbbd2', '2025-03-06 17:02:46.502892 +00:00', '2025-03-06 17:02:46.502892 +00:00', true, 1, 0, '', 'PRELIMINARIES', '19343cb1-d541-4e89-8046-e4b0df65c4cd', '7dfb755f-62c5-40f0-b0eb-2e4ff00af11a'),
        ('509d984c-8f4e-41d5-abc5-af10ff7172fb', '2025-03-06 17:03:39.882699 +00:00', '2025-03-06 17:03:39.882699 +00:00', true, 1, 123456, '', 'PRELIMINARIES', 'ed77f9a9-ab45-46dd-a530-87e594447bc4', '9c8fc488-c36e-4283-a169-66d928d1f6ed'),
        ('b53b5794-7398-4f6f-aa4e-596957e01a8b', '2025-03-06 17:03:39.882699 +00:00', '2025-03-06 17:03:39.882699 +00:00', true, 1, 1234567, '', 'PRELIMINARIES', 'ed77f9a9-ab45-46dd-a530-87e594447bc4', '7dfb755f-62c5-40f0-b0eb-2e4ff00af11a'),
        ('1f418866-6256-4385-8590-8d5f32515e11', '2025-03-06 17:51:41.244027 +00:00', '2025-03-06 17:51:41.244027 +00:00', true, 1, 0, '', 'PRELIMINARIES', '4664006c-7c45-426b-8ba3-28b1ab706898', '7dfb755f-62c5-40f0-b0eb-2e4ff00af11a'),
        ('20f88801-865d-4581-aa38-128bd82feaee', '2025-03-06 17:51:41.244027 +00:00', '2025-03-06 17:51:41.244027 +00:00', true, 1, 0, '', 'PRELIMINARIES', '4664006c-7c45-426b-8ba3-28b1ab706898', 'dca8a51d-01f2-4bc6-9eba-b710d62f9162'),
        ('4e68cc1b-d736-4b70-8754-113b2b140bcd', '2025-03-06 17:54:09.213905 +00:00', '2025-03-06 17:54:09.213905 +00:00', true, 1, 0, '', 'PRELIMINARIES', 'c8367b70-65ea-4fd1-b56d-84e6d0f18760', 'dca8a51d-01f2-4bc6-9eba-b710d62f9162'),
        ('8ae95c78-42b2-4903-9304-416ad3eeb4ae', '2025-03-06 17:54:09.213905 +00:00', '2025-03-06 17:54:09.213905 +00:00', true, 1, 0, '', 'PRELIMINARIES', 'c8367b70-65ea-4fd1-b56d-84e6d0f18760', '9c8fc488-c36e-4283-a169-66d928d1f6ed'),
        ('e8b2b738-c361-41d1-84e8-264086662fdb', '2025-03-06 17:54:09.213905 +00:00', '2025-03-06 17:54:09.213905 +00:00', true, 1, 0, '', 'PRELIMINARIES', 'c8367b70-65ea-4fd1-b56d-84e6d0f18760', '7dfb755f-62c5-40f0-b0eb-2e4ff00af11a');

        COMMIT;